use gameDB;

-- 데이터 삽입: Genre
INSERT INTO Genre (GenreID, GenreName) VALUES
(1, 'MOBA'),
(2, '배틀로얄'),
(3, 'FPS'),
(4, 'RPG'),
(5, 'RTS'),
(6, 'MMORPG'),
(7, '스포츠'),
(8, '모바일 RPG'),
(9, '퍼즐'),
(10, '어드벤처'),
(11, '시뮬레이션'),
(12, '카드 게임'),
(13, '레이싱'),
(14, '액션'),
(15, '샌드박스'),
(16, '리듬 게임'),
(17, '전략'),
(18, '보드 게임'),
(19, '캐주얼 게임'),
(20, 'TBS'),
(21, '기타'),
(22, '탑다운 슈터'),
(23, '생존 게임'),
(24, '플랫포머'),
(25, '전투 시뮬레이션'),
(26, '미스테리'),
(27, '호러'),
(28, '도시 건설'),
(29, '타워 디펜스'),
(30, '경제 시뮬레이션');

-- 데이터 삽입: Developer
INSERT INTO Developer (DeveloperID, DeveloperName, EstablishmentDate, HeadquartersLocation) VALUES
(1, '라이엇 게임즈', '2006-09-01', '미국'),  -- 리그 오브 레전드
(2, '에픽 게임즈', '1991-01-01', '미국'),   -- 포트나이트
(3, '블리자드 엔터테인먼트', '1991-02-08', '미국'),  -- 오버워치
(4, '펍지 주식회사', '2017-03-23', '한국'),  -- 배틀그라운드
(5, '넥슨', '1994-12-23', '한국'),  -- 메이플스토리
(6, '네오플', '2001-06-01', '한국'),  -- 던전앤파이터
(7, '블리자드 엔터테인먼트', '1991-02-08', '미국'),  -- 스타크래프트
(8, '블리자드 엔터테인먼트', '1991-02-08', '미국'),  -- 디아블로 II
(9, '스마일게이트 RPG', '2002-12-05', '한국'),  -- 로스트아크
(10, '블루홀 스튜디오', '2007-03-01', '한국'),  -- 테라
(11, '엔씨소프트', '1997-03-01', '한국'),  -- 블레이드 & 소울
(12, '펄어비스', '2010-09-10', '한국'),  -- 검은사막
(13, '엔씨소프트', '1997-03-01', '한국'),  -- 아이온
(14, '스마일게이트 엔터테인먼트', '2002-12-05', '한국'),  -- 크로스파이어
(15, '밸브 코퍼레이션', '1996-08-24', '미국'),  -- 카운터 스트라이크
(16, '라이엇 게임즈', '2006-09-01', '미국'),  -- 발로란트
(17, '네오플', '2001-06-01', '한국'),  -- 사이퍼즈
(18, '조이시티', '1994-01-01', '한국'),  -- 프리스타일
(19, '조이시티', '1994-01-01', '한국'),  -- 프리스타일2
(20, 'EA 코리아', '2000-03-01', '한국'),  -- 피파 온라인 4
(21, '2K 게임즈', '2005-01-25', '미국'),  -- NBA 2K21
(22, 'EA 스포츠', '1991-02-01', '미국'),  -- 피파 21
(23, '엔픽소프트', '2012-04-10', '한국'),  -- 그랑사가
(24, '넷마블', '2000-03-01', '한국'),  -- 세븐나이츠
(25, '데브시스터즈', '2007-05-05', '한국'),  -- 쿠키런: 킹덤
(26, '컴투스', '1998-10-01', '한국'),  -- 서머너즈 워
(27, '우주테크', '2020-03-01', '한국'),  -- 로브로크
(28, '스마일게이트 메가포트', '2010-02-01', '한국'),  -- 에픽세븐
(29, '슈퍼셀', '2010-05-16', '핀란드'),  -- 브롤스타즈
(30, '호요버스', '2012-06-28', '중국');  -- 붕괴3rd

-- 데이터 삽입: Game
INSERT INTO Game (GameID, Title, DeveloperID, ReleaseDate, GenreID) VALUES
(1, '리그 오브 레전드', 1, '2009-10-27', 1),
(2, '포트나이트', 2, '2017-07-21', 2),
(3, '오버워치', 3, '2016-05-24', 3),
(4, '배틀그라운드', 4, '2017-12-20', 1),
(5, '메이플스토리', 5, '2003-04-29', 4),
(6, '던전앤파이터', 6, '2005-08-10', 1),
(7, '스타크래프트', 7, '1998-03-31', 5),
(8, '디아블로 II', 8, '2000-06-29', 5),
(9, '로스트아크', 9, '2018-11-07', 6),
(10, '테라', 10, '2011-01-25', 6),
(11, '블레이드 & 소울', 11, '2012-06-21', 6),
(12, '검은사막', 12, '2015-07-14', 6),
(13, '아이온', 13, '2008-11-25', 6),
(14, '크로스파이어', 14, '2007-05-03', 1),
(15, '카운터 스트라이크', 15, '2000-11-09', 1),
(16, '발로란트', 16, '2020-06-02', 1),
(17, '사이퍼즈', 17, '2011-07-07', 1),
(18, '프리스타일', 18, '2004-07-23', 7),
(19, '프리스타일2', 19, '2011-09-28', 7),
(20, '피파 온라인 4', 20, '2018-05-17', 7),
(21, 'NBA 2K21', 21, '2020-09-04', 7),
(22, '피파 21', 22, '2020-10-09', 7),
(23, '그랑사가', 23, '2021-01-26', 8),
(24, '세븐나이츠', 24, '2014-03-06', 8),
(25, '쿠키런: 킹덤', 25, '2021-01-21', 8),
(26, '서머너즈 워', 26, '2014-06-12', 8),
(27, '로브로크', 27, '2022-03-10', 8),
(28, '에픽세븐', 28, '2018-08-30', 8),
(29, '브롤스타즈', 29, '2018-12-12', 8),
(30, '붕괴3rd', 30, '2016-10-14', 8);


-- 데이터 삽입: MarketShare
INSERT INTO MarketShare (MarketShareID, GameID, Date, MarketShare) VALUES
(1, 1, '2023-01-01', 20.0),
(2, 2, '2023-01-01', 15.0),
(3, 3, '2023-01-01', 10.0),
(4, 4, '2023-01-01', 8.0),
(5, 5, '2023-01-01', 7.0),
(6, 6, '2023-01-01', 6.0),
(7, 7, '2023-01-01', 5.0),
(8, 8, '2023-01-01', 4.5),
(9, 9, '2023-01-01', 4.0),
(10, 10, '2023-01-01', 3.5),
(11, 11, '2023-01-01', 3.0),
(12, 12, '2023-01-01', 2.8),
(13, 13, '2023-01-01', 2.5),
(14, 14, '2023-01-01', 2.2),
(15, 15, '2023-01-01', 2.0),
(16, 16, '2023-01-01', 1.8),
(17, 17, '2023-01-01', 1.6),
(18, 18, '2023-01-01', 1.4),
(19, 19, '2023-01-01', 1.2),
(20, 20, '2023-01-01', 1.0),
(21, 21, '2023-01-01', 0.9),
(22, 22, '2023-01-01', 0.8),
(23, 23, '2023-01-01', 0.7),
(24, 24, '2023-01-01', 0.6),
(25, 25, '2023-01-01', 0.5),
(26, 26, '2023-01-01', 0.4),
(27, 27, '2023-01-01', 0.3),
(28, 28, '2023-01-01', 0.2),
(29, 29, '2023-01-01', 0.1),
(30, 30, '2023-01-01', 0.1);

-- 데이터 삽입: User
INSERT INTO User (UserID, RegistrationDate, Username, Email) VALUES
(1, '2020-01-01', '김민수', 'minsu.kim@example.com'),
(2, '2020-01-02', '이영희', 'younghee.lee@example.com'),
(3, '2020-01-03', '박철수', 'cheolsu.park@example.com'),
(4, '2020-01-04', '최지은', 'jieun.choi@example.com'),
(5, '2020-01-05', '정지훈', 'jihoon.jung@example.com'),
(6, '2020-01-06', '강은지', 'eunji.kang@example.com'),
(7, '2020-01-07', '조민지', 'minji.cho@example.com'),
(8, '2020-01-08', '윤석현', 'seokhyun.yoon@example.com'),
(9, '2020-01-09', '한지민', 'jimin.han@example.com'),
(10, '2020-01-10', '장동건', 'donggun.jang@example.com'),
(11, '2020-01-11', '송혜교', 'hyekyo.song@example.com'),
(12, '2020-01-12', '이준기', 'joongi.lee@example.com'),
(13, '2020-01-13', '문채원', 'chaewon.moon@example.com'),
(14, '2020-01-14', '김우빈', 'woobin.kim@example.com'),
(15, '2020-01-15', '유인나', 'inna.yoo@example.com'),
(16, '2020-01-16', '이동욱', 'dongwook.lee@example.com'),
(17, '2020-01-17', '박신혜', 'shinhye.park@example.com'),
(18, '2020-01-18', '차은우', 'eunwoo.cha@example.com'),
(19, '2020-01-19', '이하늬', 'hani.lee@example.com'),
(20, '2020-01-20', '김선호', 'sunho.kim@example.com'),
(21, '2020-01-21', '서강준', 'gangjun.seo@example.com'),
(22, '2020-01-22', '고아라', 'ara.ko@example.com'),
(23, '2020-01-23', '남주혁', 'joohyuk.nam@example.com'),
(24, '2020-01-24', '신세경', 'sekyung.shin@example.com'),
(25, '2020-01-25', '박보검', 'bogum.park@example.com'),
(26, '2020-01-26', '김지원', 'jiwon.kim@example.com'),
(27, '2020-01-27', '이성경', 'sungkyung.lee@example.com'),
(28, '2020-01-28', '류준열', 'joonhyeol.ryu@example.com'),
(29, '2020-01-29', '이제훈', 'jehoon.lee@example.com'),
(30, '2020-01-30', '김태리', 'taeri.kim@example.com');


-- 데이터 삽입: Rating
INSERT INTO Rating (RatingID, GameID, UserID, Score) VALUES
(1, 1, 1, 4.5),
(2, 2, 2, 4.0),
(3, 3, 3, 3.8),
(4, 4, 4, 4.2),
(5, 5, 5, 4.1),
(6, 6, 6, 3.9),
(7, 7, 7, 4.3),
(8, 8, 8, 3.7),
(9, 9, 9, 4.0),
(10, 10, 10, 3.8),
(11, 11, 11, 4.4),
(12, 12, 12, 4.0),
(13, 13, 13, 3.9),
(14, 14, 14, 4.5),
(15, 15, 15, 4.1),
(16, 16, 16, 3.7),
(17, 17, 17, 4.2),
(18, 18, 18, 3.8),
(19, 19, 19, 4.3),
(20, 20, 20, 3.9),
(21, 21, 21, 4.0),
(22, 22, 22, 4.1),
(23, 23, 23, 3.8),
(24, 24, 24, 4.2),
(25, 25, 25, 3.7),
(26, 26, 26, 4.0),
(27, 27, 27, 3.9),
(28, 28, 28, 4.1),
(29, 29, 29, 3.8),
(30, 30, 30, 4.3);

-- 데이터 삽입: GameServer
INSERT INTO GameServer (ServerID, GameID, ServerName, Location, Status) VALUES
(1, 1, '한국 서버', '북미', '활성'), -- 리그 오브 레전드
(2, 2, '메인 서버', '북미', '활성'), -- 포트나이트
(3, 3, '글로벌 서버', '글로벌', '활성'), -- 오버워치
(4, 4, '한국 서버', '한국', '활성'), -- 배틀그라운드
(5, 5, '한국 서버', '한국', '활성'), -- 메이플스토리
(6, 6, '중국 서버', '중국', '활성'), -- 던전앤파이터
(7, 7, 'NA 서버', '북미', '활성'), -- 스타크래프트
(8, 8, '글로벌 서버', '글로벌', '활성'), -- 디아블로 II
(9, 9, '한국 서버', '한국', '활성'), -- 로스트아크
(10, 10, 'NA 서버', '북미', '활성'), -- 테라
(11, 11, '한국 서버', '한국', '활성'), -- 블레이드 & 소울
(12, 12, '글로벌 서버', '글로벌', '활성'), -- 검은사막
(13, 13, 'NA 서버', '북미', '활성'), -- 아이온
(14, 14, '중국 서버', '중국', '활성'), -- 크로스파이어
(15, 15, '글로벌 서버', '글로벌', '활성'), -- 카운터 스트라이크
(16, 16, 'NA 서버', '북미', '활성'), -- 발로란트
(17, 17, '한국 서버', '한국', '활성'), -- 사이퍼즈
(18, 18, '한국 서버', '한국', '활성'), -- 프리스타일
(19, 19, '한국 서버', '한국', '활성'), -- 프리스타일2
(20, 20, '글로벌 서버', '글로벌', '활성'), -- 피파 온라인 4
(21, 21, '글로벌 서버', '글로벌', '활성'), -- NBA 2K21
(22, 22, '글로벌 서버', '글로벌', '활성'), -- 피파 21
(23, 23, '한국 서버', '한국', '활성'), -- 그랑사가
(24, 24, '글로벌 서버', '글로벌', '활성'), -- 세븐나이츠
(25, 25, '한국 서버', '한국', '활성'), -- 쿠키런: 킹덤
(26, 26, '글로벌 서버', '글로벌', '활성'), -- 서머너즈 워
(27, 27, '글로벌 서버', '글로벌', '활성'), -- 로브로크
(28, 28, '글로벌 서버', '글로벌', '활성'), -- 에픽세븐
(29, 29, '글로벌 서버', '글로벌', '활성'), -- 브롤스타즈
(30, 30, '글로벌 서버', '글로벌', '활성'); -- 붕괴3rd

-- 데이터 삽입: GameUpdate
INSERT INTO GameUpdate (UpdateID, GameID, Version, UpdateDescription, UpdateDate) VALUES
(1, 1, '1.0.1', '버그 수정 및 안정성 개선', '2023-01-10'),
(2, 2, '1.1.0', '신규 맵 추가 및 밸런스 조정', '2023-01-15'),
(3, 3, '2.0.0', '대규모 업데이트: 새로운 영웅 추가', '2023-02-01'),
(4, 4, '1.0.2', '최적화 및 버그 수정', '2023-02-10'),
(5, 5, '3.1.0', '신규 던전 추가 및 이벤트 시작', '2023-03-05'),
(6, 6, '2.2.1', '클래스 밸런스 패치', '2023-03-20'),
(7, 7, '1.0.5', '안정성 개선 및 서버 최적화', '2023-04-01'),
(8, 8, '1.1.2', '아이템 드롭율 조정', '2023-04-10'),
(9, 9, '2.3.0', '길드 시스템 추가', '2023-05-01'),
(10, 10, '1.2.0', '캐릭터 커스터마이징 확장', '2023-05-15'),
(11, 11, '1.0.6', '그래픽 향상 및 버그 수정', '2023-06-01'),
(12, 12, '2.0.1', '새로운 퀘스트 라인 추가', '2023-06-20'),
(13, 13, '1.3.0', '신규 클래스 추가', '2023-07-01'),
(14, 14, '1.1.5', 'PvP 시스템 개선', '2023-07-10'),
(15, 15, '3.0.0', '대규모 확장팩 출시', '2023-08-01'),
(16, 16, '1.4.0', '레벨 캡 증가 및 신규 지역 추가', '2023-08-15'),
(17, 17, '2.1.0', '시즌 이벤트 시작', '2023-09-01'),
(18, 18, '1.0.3', '버그 수정 및 성능 최적화', '2023-09-20'),
(19, 19, '1.2.2', '아이템 밸런스 조정', '2023-10-01'),
(20, 20, '1.5.0', '새로운 레이드 던전 추가', '2023-10-15'),
(21, 21, '1.1.7', 'UI/UX 개선 및 기능 추가', '2023-11-01'),
(22, 22, '2.2.0', '배틀 패스 시스템 도입', '2023-11-10'),
(23, 23, '1.6.0', '새로운 보스 몬스터 추가', '2023-12-01'),
(24, 24, '1.0.4', '사운드 개선 및 버그 수정', '2023-12-10'),
(25, 25, '3.1.1', '이벤트 던전 추가', '2024-01-01'),
(26, 26, '2.0.3', '친구 시스템 확장', '2024-01-15'),
(27, 27, '1.2.3', '랭킹 시스템 추가', '2024-02-01'),
(28, 28, '1.4.1', '캐릭터 스킬 개선', '2024-02-10'),
(29, 29, '1.7.0', '새로운 지역 탐험', '2024-03-01'),
(30, 30, '1.5.2', '봄맞이 이벤트 업데이트', '2024-03-15');

-- 데이터 삽입: Event
INSERT INTO Event (EventID, GameID, EventName, StartDate, EndDate) VALUES
(1, 1, '서머 페스티벌', '2023-06-01', '2023-06-30'),
(2, 2, '윈터 페스티벌', '2023-12-01', '2023-12-31'),
(3, 3, '할로윈 이벤트', '2023-10-15', '2023-10-31'),
(4, 4, '봄맞이 이벤트', '2023-04-01', '2023-04-30'),
(5, 5, '추석 이벤트', '2023-09-01', '2023-09-15'),
(6, 6, '신년 이벤트', '2023-01-01', '2023-01-10'),
(7, 7, '크리스마스 이벤트', '2023-12-15', '2023-12-25'),
(8, 8, '발렌타인 이벤트', '2023-02-10', '2023-02-14'),
(9, 9, '화이트데이 이벤트', '2023-03-10', '2023-03-14'),
(10, 10, '여름 방학 이벤트', '2023-07-01', '2023-07-31'),
(11, 11, '겨울 방학 이벤트', '2023-12-20', '2024-01-10'),
(12, 12, '추석 연휴 이벤트', '2023-09-15', '2023-09-22'),
(13, 13, '어린이날 이벤트', '2023-05-01', '2023-05-07'),
(14, 14, '독립기념일 이벤트', '2023-08-10', '2023-08-15'),
(15, 15, '한가위 이벤트', '2023-09-20', '2023-09-25'),
(16, 16, '광복절 이벤트', '2023-08-05', '2023-08-10'),
(17, 17, '정월대보름 이벤트', '2023-02-22', '2023-02-23'),
(18, 18, '개천절 이벤트', '2023-10-01', '2023-10-03'),
(19, 19, '한글날 이벤트', '2023-10-09', '2023-10-10'),
(20, 20, '추수감사절 이벤트', '2023-11-20', '2023-11-30'),
(21, 21, '겨울왕국 이벤트', '2023-12-01', '2023-12-15'),
(22, 22, '가을맞이 이벤트', '2023-09-01', '2023-09-10'),
(23, 23, '봄꽃 축제', '2023-04-05', '2023-04-15'),
(24, 24, '여름 휴가 이벤트', '2023-07-15', '2023-07-25'),
(25, 25, '가을 단풍 축제', '2023-10-20', '2023-10-30'),
(26, 26, '겨울 눈꽃 축제', '2023-12-05', '2023-12-20'),
(27, 27, '부활절 이벤트', '2023-04-10', '2023-04-17'),
(28, 28, '성탄절 이벤트', '2023-12-20', '2023-12-27'),
(29, 29, '신년맞이 이벤트', '2023-12-31', '2024-01-05'),
(30, 30, '핑크뮬리 축제', '2023-10-01', '2023-10-07');


-- 데이터 삽입: GameReview
INSERT INTO GameReview (ReviewID, GameID, UserID, ReviewText, ReviewDate) VALUES
(1, 1, 1, '리그 오브 레전드는 정말 재미있어요! 다양한 챔피언과 전략이 흥미롭습니다.', '2023-01-01'),
(2, 2, 2, '포트나이트의 배틀로얄 모드는 긴장감 넘치고 흥미진진해요!', '2023-01-02'),
(3, 3, 3, '오버워치는 팀워크가 중요한 게임이라 친구들과 함께 즐기기 좋아요.', '2023-01-03'),
(4, 4, 4, '배틀그라운드는 현실적인 그래픽과 전투가 매력적입니다.', '2023-01-04'),
(5, 5, 5, '메이플스토리는 귀여운 그래픽과 다양한 콘텐츠가 좋아요.', '2023-01-05'),
(6, 6, 6, '던전앤파이터는 액션이 화려하고 손맛이 좋습니다.', '2023-01-06'),
(7, 7, 7, '스타크래프트는 전략적인 요소가 강해 두뇌 싸움이 재미있어요.', '2023-01-07'),
(8, 8, 8, '디아블로 II는 아이템 파밍의 재미가 쏠쏠합니다.', '2023-01-08'),
(9, 9, 9, '로스트아크는 방대한 세계관과 스토리가 인상적입니다.', '2023-01-09'),
(10, 10, 10, '테라는 그래픽이 뛰어나고 전투 시스템이 매력적입니다.', '2023-01-10'),
(11, 11, 11, '블레이드 & 소울은 빠른 전투와 화려한 스킬이 인상적입니다.', '2023-01-11'),
(12, 12, 12, '검은사막은 아름다운 그래픽과 자유도가 높은 게임입니다.', '2023-01-12'),
(13, 13, 13, '아이온은 다양한 직업과 스킬 조합이 재미있습니다.', '2023-01-13'),
(14, 14, 14, '크로스파이어는 빠른 전투와 다양한 무기가 매력적입니다.', '2023-01-14'),
(15, 15, 15, '카운터 스트라이크는 클래식한 FPS의 재미가 있습니다.', '2023-01-15'),
(16, 16, 16, '발로란트는 전략적인 플레이가 중요한 게임입니다.', '2023-01-16'),
(17, 17, 17, '사이퍼즈는 개성 있는 캐릭터와 스킬이 재미있습니다.', '2023-01-17'),
(18, 18, 18, '프리스타일은 스포츠 게임으로서의 재미가 넘칩니다.', '2023-01-18'),
(19, 19, 19, '프리스타일2는 더욱 향상된 그래픽과 플레이가 좋습니다.', '2023-01-19'),
(20, 20, 20, '피파 온라인 4는 축구 팬이라면 꼭 해봐야 할 게임입니다.', '2023-01-20'),
(21, 21, 21, 'NBA 2K21은 현실감 넘치는 농구 게임입니다.', '2023-01-21'),
(22, 22, 22, '피파 21은 뛰어난 그래픽과 리얼리즘이 돋보입니다.', '2023-01-22'),
(23, 23, 23, '그랑사가는 아름다운 그래픽과 스토리가 인상적입니다.', '2023-01-23'),
(24, 24, 24, '세븐나이츠는 다양한 캐릭터와 스토리가 재미있습니다.', '2023-01-24'),
(25, 25, 25, '쿠키런: 킹덤은 귀여운 그래픽과 재미있는 게임 플레이가 좋습니다.', '2023-01-25'),
(26, 26, 26, '서머너즈 워는 전략적인 요소가 강해 재미있습니다.', '2023-01-26'),
(27, 27, 27, '로브로크는 모험과 탐험의 재미가 있습니다.', '2023-01-27'),
(28, 28, 28, '에픽세븐은 화려한 그래픽과 다양한 콘텐츠가 인상적입니다.', '2023-01-28'),
(29, 29, 29, '브롤스타즈는 빠른 게임 진행과 다양한 모드가 좋습니다.', '2023-01-29'),
(30, 30, 30, '붕괴3rd는 스토리와 그래픽이 뛰어난 게임입니다.', '2023-01-30');

